ep01.mp3,00:58:04.89
ep02.mp3,00:57:22.39
ep03.mp3,01:19:57.44
ep04.mp3,01:14:41.20
ep05.mp3,01:17:46.64
ep06.mp3,01:02:09.58
ep07.mp3,01:21:17.32
ep08.mp3,01:25:50.33
ep09.mp3,01:16:29.71
ep10.mp3,01:38:34.28
ep11.mp3,01:31:07.61
ep12.mp3,01:30:06.09
ep13.mp3,01:16:02.39
ep14.mp3,01:12:43.94
ep15.mp3,01:43:57.13
ep16.mp3,01:29:50.63
ep17.mp3,01:26:15.51
ep18.mp3,01:21:58.91
ep19.mp3,01:25:32.33
ep20.mp3,01:40:38.28
ep21.mp3,01:37:42.66
ep22.mp3,01:28:43.68
ep23.mp3,01:24:52.55
ep24.mp3,01:38:49.01
ep25.mp3,01:17:47.01
ep26.mp3,01:29:57.29
ep27.mp3,01:43:41.32
ep28.mp3,02:18:59.04
ep29.mp3,01:37:12.96
ep30.mp3,01:07:17.09
ep31.mp3,01:38:47.18
ep32.mp3,01:16:21.07
ep33.mp3,01:55:38.12
ep34.mp3,01:34:00.52
ep35.mp3,01:34:48.27
ep36.mp3,01:48:43.09
ep38.mp3,01:31:15.66
ep39.mp3,01:20:36.65
ep40.mp3,01:20:51.02
ep41.mp3,01:23:05.00
ep42.mp3,01:35:41.45
ep43.mp3,01:27:00.96
ep44.mp3,01:17:00.72
ep45.mp3,01:24:54.95
ep46.mp3,01:47:17.38
ep47.mp3,01:33:02.45
ep48.mp3,01:42:46.05
ep49.mp3,01:33:45.34
ep50.mp3,01:35:49.19
ep51.mp3,01:53:22.18
ep52.mp3,01:15:44.55
ep53.mp3,01:27:37.98
ep54.mp3,01:17:46.17
ep55.mp3,01:17:57.96
pie-ep185.mp3,01:37:09
pie-ep186.mp3,01:35:24
pie-ep187.mp3,01:46:57
pie-ep188.mp3,01:42:08
pie-ep189.mp3,02:03:54
pie-ep190.mp3,01:53:08
pie-ep191.mp3,01:50:55
pie-ep192.mp3,01:48:05
pie-ep193.mp3,01:46:46
pie-ep194.mp3,02:11:08
books-22-05-1.mp3,00:02:55.05
books-22-05-2.mp3,00:03:39.95
books-22-05-3.mp3,00:05:23.97
books-22-06-1.mp3,00:12:29.24
books-22-06-2.mp3,00:12:41.97
books-22-06-3.mp3,00:19:56.75
books-22-07-1.mp3,00:18:53.24
books-22-07-2.mp3,00:23:14.91
books-22-07-3.mp3,00:07:25.18
ep.mp3,01:35:53.78
epx01.mp3,01:03:35.97
epx02.mp3,01:21:56.14
epx03.mp3,01:02:32.93
epx04.mp3,01:01:09.34
epx05.mp3,01:37:17.04
epx06.mp3,01:31:40.24
epx07.mp3,01:31:44.05
epx08.mp3,01:22:01.18
epx09.mp3,00:45:33.22
sp1.mp3,02:16:14.05
